Id	Label	Class	Zscore
ADIPOQ	ADIPOQ	cytokine	4.27254869604854
AREG	AREG	cytokine	6.40518343657303
CCL1	CCL1	cytokine	7.83183061074265
CCL11	CCL11	cytokine	7.06084640260238
CCL13	CCL13	cytokine	9.12219771872908
CCL14	CCL14	cytokine	3.9843067023170202
CCL16	CCL16	cytokine	4.57351211071014
CCL17	CCL17	cytokine	7.34569471911076
CCL18	CCL18	cytokine	7.43333391729417
CCL19	CCL19	cytokine	8.33271444042736
CCL2	CCL2	cytokine	9.67217689234726
CCL20	CCL20	cytokine	9.41024264630755
CCL21	CCL21	cytokine	7.0473859772308
CCL22	CCL22	cytokine	7.78533682260981
CCL23	CCL23	cytokine	6.34262587297172
CCL24	CCL24	cytokine	7.79842293815604
CCL25	CCL25	cytokine	5.23611461287003
CCL27	CCL27	cytokine	3.81870881020261
CCL3	CCL3	cytokine	10.490177125521
CCL4	CCL4	cytokine	10.2177733926063
CCL4L2	CCL4L2	cytokine	9.61985784581805
CCL5	CCL5	cytokine	13.4582119060326
CCL7	CCL7	cytokine	7.77341767187547
CCL8	CCL8	cytokine	8.60566076449477
CD40LG	CD40LG	cytokine	11.1999252702798
CLCF1	CLCF1	cytokine	4.21256733077281
CNTF	CNTF	cytokine	4.66131445545089
CSF1	CSF1	cytokine	10.5274404159081
CSF2	CSF2	cytokine	9.64565889401785
CSF3	CSF3	cytokine	7.06469333358931
CTF1	CTF1	cytokine	3.69099487784078
CX3CL1	CX3CL1	cytokine	7.12778891872672
CXCL1	CXCL1	cytokine	8.49109123728235
CXCL10	CXCL10	cytokine	12.3467154181876
CXCL11	CXCL11	cytokine	9.75598072636119
CXCL12	CXCL12	cytokine	8.66109981814262
CXCL13	CXCL13	cytokine	9.83914691686117
CXCL16	CXCL16	cytokine	7.68070800783686
CXCL2	CXCL2	cytokine	8.46117870125486
CXCL3	CXCL3	cytokine	9.03138701228018
CXCL5	CXCL5	cytokine	8.28614009900928
CXCL6	CXCL6	cytokine	5.87728579875557
CXCL8	CXCL8	cytokine	9.11526169073578
CXCL9	CXCL9	cytokine	9.84825119048664
EBI3	EBI3	cytokine	7.99106089663578
EPO	EPO	cytokine	4.29343634590549
FASLG	FASLG	cytokine	10.2059967411963
FGF2	FGF2	cytokine	4.27403175741895
FLT3LG	FLT3LG	cytokine	6.98219419072572
GRN	GRN	cytokine	4.8115392373395
HMGB1	HMGB1	cytokine	6.66800993144934
IFNA1	IFNA1	cytokine	9.62254326770807
IFNA10	IFNA10	cytokine	9.24594929444342
IFNA13	IFNA13	cytokine	9.16028470513601
IFNA14	IFNA14	cytokine	9.60323250839686
IFNA16	IFNA16	cytokine	9.94420507479647
IFNA17	IFNA17	cytokine	10.1860014348268
IFNA2	IFNA2	cytokine	8.56882427503969
IFNA21	IFNA21	cytokine	8.90076130416923
IFNA4	IFNA4	cytokine	9.96549750540752
IFNA5	IFNA5	cytokine	8.67302041112423
IFNA6	IFNA6	cytokine	9.68204092485479
IFNA7	IFNA7	cytokine	9.05379998692685
IFNA8	IFNA8	cytokine	8.75693229166811
IFNB1	IFNB1	cytokine	10.3003179978341
IFNE	IFNE	cytokine	9.87054677511556
IFNG	IFNG	cytokine	10.0084148108295
IFNK	IFNK	cytokine	9.2003627367185
IFNL1	IFNL1	cytokine	9.74064181396226
IFNL2	IFNL2	cytokine	7.57515774428977
IFNL3	IFNL3	cytokine	7.61060133277652
IL10	IL10	cytokine	9.2056637595311
IL11	IL11	cytokine	5.76659967078052
IL12A	IL12A	cytokine	7.04660705451702
IL12B	IL12B	cytokine	7.59507459008575
IL13	IL13	cytokine	7.27745865000406
IL15	IL15	cytokine	12.9805230406411
IL16	IL16	cytokine	11.9107281904273
IL17A	IL17A	cytokine	8.29373538364969
IL17B	IL17B	cytokine	4.34902887908332
IL17C	IL17C	cytokine	5.59824664615651
IL17D	IL17D	cytokine	4.75332640697203
IL17F	IL17F	cytokine	6.54616153432235
IL18	IL18	cytokine	9.67646676496214
IL19	IL19	cytokine	4.60269607474615
IL1A	IL1A	cytokine	8.96906412783308
IL1B	IL1B	cytokine	11.5027718943175
IL1F10	IL1F10	cytokine	4.87156263614887
IL1RN	IL1RN	cytokine	10.156950039036
IL2	IL2	cytokine	9.0359121096414
IL21	IL21	cytokine	6.50210962928814
IL22	IL22	cytokine	6.92017164746995
IL23A	IL23A	cytokine	5.90336216120319
IL24	IL24	cytokine	9.6664966071408
IL25	IL25	cytokine	4.15962208225019
IL26	IL26	cytokine	4.90388271932342
IL27	IL27	cytokine	7.40775880939143
IL3	IL3	cytokine	8.36900929397839
IL31	IL31	cytokine	4.53181176608616
IL32	IL32	cytokine	8.67068072052726
IL33	IL33	cytokine	6.96318416359747
IL34	IL34	cytokine	7.23443123464626
IL36A	IL36A	cytokine	4.87453412638546
IL36B	IL36B	cytokine	3.56155962185389
IL36G	IL36G	cytokine	5.54654269959998
IL36RN	IL36RN	cytokine	5.47865742072602
IL37	IL37	cytokine	6.18709605045632
IL4	IL4	cytokine	9.45209593388809
IL5	IL5	cytokine	8.25246471574273
IL6	IL6	cytokine	9.18356520320302
IL7	IL7	cytokine	8.46514139042721
IL9	IL9	cytokine	6.43306071432777
INHBA	INHBA	cytokine	5.08528107612826
KITLG	KITLG	cytokine	4.5924368651712
LIF	LIF	cytokine	4.34371135304683
LTA	LTA	cytokine	7.22343540295489
LTB	LTB	cytokine	13.6394832684518
MIF	MIF	cytokine	5.50046567542969
NAMPT	NAMPT	cytokine	7.65614641358847
OSM	OSM	cytokine	8.53403017303404
PF4	PF4	cytokine	5.5008523946035
PPBP	PPBP	cytokine	6.17166994502066
SECTM1	SECTM1	cytokine	6.41188620884712
SPP1	SPP1	cytokine	3.80937756987073
TGFB1	TGFB1	cytokine	9.3777077969986
TGFB2	TGFB2	cytokine	5.80532000661908
TGFB3	TGFB3	cytokine	5.60218053883236
THPO	THPO	cytokine	5.12819729072771
TIMP1	TIMP1	cytokine	5.77922039074212
TNF	TNF	cytokine	11.029769064881
TNFRSF11B	TNFRSF11B	cytokine	5.06096591635363
TNFSF10	TNFSF10	cytokine	12.7263165620646
TNFSF11	TNFSF11	cytokine	8.88842961915255
TNFSF12	TNFSF12	cytokine	7.88669947788006
TNFSF13	TNFSF13	cytokine	7.99301898887059
TNFSF13B	TNFSF13B	cytokine	15.6403524049134
TNFSF14	TNFSF14	cytokine	8.1862313414884
TNFSF15	TNFSF15	cytokine	10.2375802397617
TNFSF18	TNFSF18	cytokine	7.38791960891448
TNFSF4	TNFSF4	cytokine	8.90774368677698
TNFSF8	TNFSF8	cytokine	11.7694549412099
TNFSF9	TNFSF9	cytokine	8.73704788045826
TSLP	TSLP	cytokine	5.76580659737862
WNT5A	WNT5A	cytokine	4.43832160597202
XCL1	XCL1	cytokine	9.63491870390206
XCL2	XCL2	cytokine	6.91588854819246
ACE2	ACE2	target	1
ACHE	ACHE	target	1
ACSL4	ACSL4	target	1
ACSL5	ACSL5	target	1
ACSL6	ACSL6	target	1
ACTB	ACTB	target	1
ACVRL1	ACVRL1	target	1
ADAMTS4	ADAMTS4	target	1
ADAMTS9	ADAMTS9	target	1
ADGRE1	ADGRE1	target	1
ADM	ADM	target	1
ADM2	ADM2	target	1
ADORA2A	ADORA2A	target	1
ADRB3	ADRB3	target	1
AGER	AGER	target	1
AIF1	AIF1	target	1
ALOX15	ALOX15	target	1
ALOX5	ALOX5	target	1
ALOX5AP	ALOX5AP	target	1
ANGPTL4	ANGPTL4	target	1
ANPEP	ANPEP	target	1
ANXA1	ANXA1	target	1
ANXA6	ANXA6	target	1
APOL1	APOL1	target	1
ARRB2	ARRB2	target	1
ATF3	ATF3	target	1
B2M	B2M	target	1
BAX	BAX	target	1
BCL2A1	BCL2A1	target	1
BCL2L11	BCL2L11	target	1
BLVRA	BLVRA	target	1
C1QA	C1QA	target	1
C1QTNF1	C1QTNF1	target	1
C3	C3	target	1
C4A	C4A	target	1
C4B	C4B	target	1
C5AR1	C5AR1	target	1
CA2	CA2	target	1
CALR	CALR	target	1
CAMK4	CAMK4	target	1
CAP1	CAP1	target	1
CASP1	CASP1	target	1
CASP3	CASP3	target	1
CASP8	CASP8	target	1
CCND2	CCND2	target	1
CCR1	CCR1	target	1
CCR2	CCR2	target	1
CCR3	CCR3	target	1
CCR5	CCR5	target	1
CCR7	CCR7	target	1
CCRL2	CCRL2	target	1
CD163	CD163	target	1
CD19	CD19	target	1
CD200	CD200	target	1
CD274	CD274	target	1
CD38	CD38	target	1
CD4	CD4	target	1
CD40	CD40	target	1
CD63	CD63	target	1
CD68	CD68	target	1
CD69	CD69	target	1
CD74	CD74	target	1
CD80	CD80	target	1
CD86	CD86	target	1
CD8A	CD8A	target	1
CD93	CD93	target	1
CDKN1A	CDKN1A	target	1
CDKN2A	CDKN2A	target	1
CETP	CETP	target	1
CFB	CFB	target	1
CFP	CFP	target	1
CHI3L1	CHI3L1	target	1
CISH	CISH	target	1
CLEC10A	CLEC10A	target	1
CLEC2D	CLEC2D	target	1
CLU	CLU	target	1
CMKLR1	CMKLR1	target	1
CNR2	CNR2	target	1
COL4A2	COL4A2	target	1
CREB3L3	CREB3L3	target	1
CRP	CRP	target	1
CSF1R	CSF1R	target	1
CTLA4	CTLA4	target	1
CTRL	CTRL	target	1
CTSB	CTSB	target	1
CTSL	CTSL	target	1
CTSS	CTSS	target	1
CXCR2	CXCR2	target	1
CXCR3	CXCR3	target	1
CXCR4	CXCR4	target	1
CYBA	CYBA	target	1
CYBB	CYBB	target	1
CYP19A1	CYP19A1	target	1
CYP27B1	CYP27B1	target	1
DENND1A	DENND1A	target	1
DNTT	DNTT	target	1
EIF2AK2	EIF2AK2	target	1
EIF4EBP1	EIF4EBP1	target	1
ENG	ENG	target	1
ENPP2	ENPP2	target	1
ERFE	ERFE	target	1
ERO1A	ERO1A	target	1
ERP44	ERP44	target	1
FAS	FAS	target	1
FCGR1A	FCGR1A	target	1
FCGR2B	FCGR2B	target	1
FCGR3A	FCGR3A	target	1
FCGR3B	FCGR3B	target	1
FCN1	FCN1	target	1
FFAR2	FFAR2	target	1
FFAR3	FFAR3	target	1
FGL2	FGL2	target	1
FLT1	FLT1	target	1
FOXP3	FOXP3	target	1
FPR1	FPR1	target	1
G0S2	G0S2	target	1
GAD1	GAD1	target	1
GAPDH	GAPDH	target	1
GJA4	GJA4	target	1
GK	GK	target	1
GLIS3	GLIS3	target	1
GPBAR1	GPBAR1	target	1
GPR18	GPR18	target	1
GPR42	GPR42	target	1
GPR55	GPR55	target	1
GPR84	GPR84	target	1
GRB2	GRB2	target	1
GSTK1	GSTK1	target	1
GZMA	GZMA	target	1
GZMB	GZMB	target	1
GZMK	GZMK	target	1
HAS2	HAS2	target	1
HBEGF	HBEGF	target	1
HCAR2	HCAR2	target	1
HCAR3	HCAR3	target	1
HELZ2	HELZ2	target	1
HESX1	HESX1	target	1
HHEX	HHEX	target	1
HIF1A	HIF1A	target	1
HIVEP3	HIVEP3	target	1
HK2	HK2	target	1
HKDC1	HKDC1	target	1
HLA-DRB1	HLA-DRB1	target	1
HP	HP	target	1
HPR	HPR	target	1
HPRT1	HPRT1	target	1
HSD11B1	HSD11B1	target	1
HSP90AA1	HSP90AA1	target	1
HSP90B1	HSP90B1	target	1
HSPA5	HSPA5	target	1
ICAM1	ICAM1	target	1
IDO1	IDO1	target	1
IDO2	IDO2	target	1
IGF2BP2	IGF2BP2	target	1
IL18BP	IL18BP	target	1
IL2RA	IL2RA	target	1
IL6R	IL6R	target	1
IRF4	IRF4	target	1
ITGAM	ITGAM	target	1
ITGAX	ITGAX	target	1
ITGB2	ITGB2	target	1
ITGB3	ITGB3	target	1
JAK2	JAK2	target	1
KCNK3	KCNK3	target	1
KLF6	KLF6	target	1
LBP	LBP	target	1
LCN2	LCN2	target	1
LDHA	LDHA	target	1
LGALS3BP	LGALS3BP	target	1
LGI2	LGI2	target	1
LIPG	LIPG	target	1
LMNB1	LMNB1	target	1
LPCAT1	LPCAT1	target	1
LPIN2	LPIN2	target	1
LPXN	LPXN	target	1
LRP2	LRP2	target	1
LTF	LTF	target	1
LY86	LY86	target	1
LY96	LY96	target	1
MAP1S	MAP1S	target	1
MAPK11	MAPK11	target	1
MBOAT4	MBOAT4	target	1
MEDAG	MEDAG	target	1
MEFV	MEFV	target	1
MET	MET	target	1
MGAM	MGAM	target	1
MME	MME	target	1
MMP1	MMP1	target	1
MMP12	MMP12	target	1
MMP13	MMP13	target	1
MMP3	MMP3	target	1
MMP9	MMP9	target	1
MPO	MPO	target	1
MRC1	MRC1	target	1
MSR1	MSR1	target	1
MT1E	MT1E	target	1
MUC1	MUC1	target	1
MYD88	MYD88	target	1
NCF1	NCF1	target	1
NCF2	NCF2	target	1
NES	NES	target	1
NFIL3	NFIL3	target	1
NFKB1	NFKB1	target	1
NFKBIA	NFKBIA	target	1
NLRP3	NLRP3	target	1
NOCT	NOCT	target	1
NOD1	NOD1	target	1
NOD2	NOD2	target	1
NOS2	NOS2	target	1
NT5E	NT5E	target	1
NTRK1	NTRK1	target	1
OLR1	OLR1	target	1
ORM1	ORM1	target	1
ORM2	ORM2	target	1
OXTR	OXTR	target	1
P2RX5	P2RX5	target	1
PAQR8	PAQR8	target	1
PARP1	PARP1	target	1
PCSK1	PCSK1	target	1
PDE3B	PDE3B	target	1
PDP1	PDP1	target	1
PDPN	PDPN	target	1
PGF	PGF	target	1
PGK1	PGK1	target	1
PIGR	PIGR	target	1
PIK3CG	PIK3CG	target	1
PKM	PKM	target	1
PLA2G2A	PLA2G2A	target	1
PLA2G7	PLA2G7	target	1
PLAU	PLAU	target	1
PLAUR	PLAUR	target	1
PLEK	PLEK	target	1
PLOD3	PLOD3	target	1
POTEF	POTEF	target	1
PPIB	PPIB	target	1
PPM1K	PPM1K	target	1
PRKCB	PRKCB	target	1
PRKCQ	PRKCQ	target	1
PRL	PRL	target	1
PROCR	PROCR	target	1
PTGER4	PTGER4	target	1
PTGES	PTGES	target	1
PTGIR	PTGIR	target	1
PTGS2	PTGS2	target	1
PTPN1	PTPN1	target	1
PTPRC	PTPRC	target	1
PTX3	PTX3	target	1
RAC2	RAC2	target	1
RAPGEF1	RAPGEF1	target	1
RETN	RETN	target	1
RUNX2	RUNX2	target	1
S100A12	S100A12	target	1
S1PR2	S1PR2	target	1
SAA1	SAA1	target	1
SAA2	SAA2	target	1
SAA4	SAA4	target	1
SAT1	SAT1	target	1
SCT	SCT	target	1
SELE	SELE	target	1
SELL	SELL	target	1
SELP	SELP	target	1
SERPINA1	SERPINA1	target	1
SERPINA3	SERPINA3	target	1
SERPINE1	SERPINE1	target	1
SERPINE2	SERPINE2	target	1
SERPINF2	SERPINF2	target	1
SERPING1	SERPING1	target	1
SLC25A19	SLC25A19	target	1
SLC27A2	SLC27A2	target	1
SLC2A3	SLC2A3	target	1
SLC2A5	SLC2A5	target	1
SMAD7	SMAD7	target	1
SNAI1	SNAI1	target	1
SOCS1	SOCS1	target	1
SOCS3	SOCS3	target	1
SOD2	SOD2	target	1
SPHK1	SPHK1	target	1
SPI1	SPI1	target	1
SRC	SRC	target	1
STAT1	STAT1	target	1
STAT3	STAT3	target	1
STAT5A	STAT5A	target	1
TBC1D1	TBC1D1	target	1
TBX21	TBX21	target	1
TFRC	TFRC	target	1
TGM2	TGM2	target	1
THBS1	THBS1	target	1
THY1	THY1	target	1
TLR1	TLR1	target	1
TLR2	TLR2	target	1
TLR3	TLR3	target	1
TLR4	TLR4	target	1
TLR7	TLR7	target	1
TLR8	TLR8	target	1
TLR9	TLR9	target	1
TNFRSF1B	TNFRSF1B	target	1
TNFRSF9	TNFRSF9	target	1
TRIB1	TRIB1	target	1
TRPV2	TRPV2	target	1
TXN	TXN	target	1
UCP2	UCP2	target	1
UTS2	UTS2	target	1
VCAM1	VCAM1	target	1
VEGFC	VEGFC	target	1
WNT1	WNT1	target	1
XDH	XDH	target	1
ACKR2	ACKR2	target	1
ACOD1	ACOD1	target	1
ADAM12	ADAM12	target	1
ADAM19	ADAM19	target	1
ADAM8	ADAM8	target	1
ADAMTS1	ADAMTS1	target	1
ALDH1A3	ALDH1A3	target	1
ANXA3	ANXA3	target	1
BASP1	BASP1	target	1
BATF	BATF	target	1
BCL3	BCL3	target	1
BHLHE40	BHLHE40	target	1
BIRC3	BIRC3	target	1
BLK	BLK	target	1
C16orf46	C16orf46	target	1
CA9	CA9	target	1
CALCA	CALCA	target	1
CCL26	CCL26	target	1
CCN1	CCN1	target	1
CCNA1	CCNA1	target	1
CCND3	CCND3	target	1
CCR6	CCR6	target	1
CCR8	CCR8	target	1
CD1C	CD1C	target	1
CD1D	CD1D	target	1
CD209	CD209	target	1
CD27	CD27	target	1
CD28	CD28	target	1
CD3D	CD3D	target	1
CD3E	CD3E	target	1
CD47	CD47	target	1
CD5	CD5	target	1
CD83	CD83	target	1
CDH3	CDH3	target	1
CLEC4C	CLEC4C	target	1
CLEC7A	CLEC7A	target	1
COMMD3-BMI1	COMMD3-BMI1	target	1
CREM	CREM	target	1
CRLF2	CRLF2	target	1
CSF3R	CSF3R	target	1
CSK	CSK	target	1
CSRNP1	CSRNP1	target	1
CTSC	CTSC	target	1
CTSZ	CTSZ	target	1
CXCR1	CXCR1	target	1
CXCR5	CXCR5	target	1
CXCR6	CXCR6	target	1
DCSTAMP	DCSTAMP	target	1
DDIT4	DDIT4	target	1
DUSP10	DUSP10	target	1
DUSP5	DUSP5	target	1
DUSP6	DUSP6	target	1
EDN2	EDN2	target	1
ENAM	ENAM	target	1
ENO1	ENO1	target	1
EOMES	EOMES	target	1
EPGN	EPGN	target	1
ETS1	ETS1	target	1
FCGR2A	FCGR2A	target	1
FLT3	FLT3	target	1
FOSL1	FOSL1	target	1
FSCN1	FSCN1	target	1
GADD45B	GADD45B	target	1
GFI1	GFI1	target	1
GNLY	GNLY	target	1
GPR183	GPR183	target	1
HAVCR2	HAVCR2	target	1
HCLS1	HCLS1	target	1
ICOS	ICOS	target	1
IER3	IER3	target	1
IFI27	IFI27	target	1
IFI6	IFI6	target	1
IFIH1	IFIH1	target	1
IFNGR2	IFNGR2	target	1
IL10RA	IL10RA	target	1
IL12RB2	IL12RB2	target	1
IL13RA1	IL13RA1	target	1
IL15RA	IL15RA	target	1
IL17RA	IL17RA	target	1
IL18R1	IL18R1	target	1
IL1RL1	IL1RL1	target	1
IL2RB	IL2RB	target	1
IL2RG	IL2RG	target	1
IL3RA	IL3RA	target	1
IL4R	IL4R	target	1
IL7R	IL7R	target	1
IRF1	IRF1	target	1
IRF7	IRF7	target	1
ISG15	ISG15	target	1
ITGA5	ITGA5	target	1
ITGB6	ITGB6	target	1
JAK3	JAK3	target	1
JMJD6	JMJD6	target	1
JUNB	JUNB	target	1
KLRB1	KLRB1	target	1
KLRC1	KLRC1	target	1
KLRC2	KLRC2	target	1
KLRC3	KLRC3	target	1
KLRD1	KLRD1	target	1
KLRG1	KLRG1	target	1
KLRK1	KLRK1	target	1
KRT16	KRT16	target	1
KRT17	KRT17	target	1
KRT6A	KRT6A	target	1
KRT6B	KRT6B	target	1
LAG3	LAG3	target	1
LCK	LCK	target	1
LDLR	LDLR	target	1
LEF1	LEF1	target	1
LGALS9	LGALS9	target	1
LGALS9B	LGALS9B	target	1
LGALS9C	LGALS9C	target	1
LIFR	LIFR	target	1
LILRA6	LILRA6	target	1
LRG1	LRG1	target	1
LSP1	LSP1	target	1
MCL1	MCL1	target	1
MS4A1	MS4A1	target	1
MUC4	MUC4	target	1
MX1	MX1	target	1
NCR1	NCR1	target	1
NCR3	NCR3	target	1
NFKB2	NFKB2	target	1
NKG7	NKG7	target	1
NR4A3	NR4A3	target	1
NSF	NSF	target	1
OLFM4	OLFM4	target	1
OSMR	OSMR	target	1
PAG1	PAG1	target	1
PDCD1	PDCD1	target	1
PDCD1LG2	PDCD1LG2	target	1
PHLDA2	PHLDA2	target	1
PI3	PI3	target	1
PITX1	PITX1	target	1
PMAIP1	PMAIP1	target	1
PRF1	PRF1	target	1
PTGER2	PTGER2	target	1
RAB27A	RAB27A	target	1
RB1	RB1	target	1
REG4	REG4	target	1
RELB	RELB	target	1
RGS1	RGS1	target	1
RHBDF2	RHBDF2	target	1
RPS6KA1	RPS6KA1	target	1
RSPO3	RSPO3	target	1
RUNX1	RUNX1	target	1
RUNX3	RUNX3	target	1
S100A11	S100A11	target	1
S100A2	S100A2	target	1
S100A7	S100A7	target	1
S100A8	S100A8	target	1
S1PR1	S1PR1	target	1
SCG2	SCG2	target	1
SEC24A	SEC24A	target	1
SEC24D	SEC24D	target	1
SERPINB1	SERPINB1	target	1
SERPINB3	SERPINB3	target	1
SNX11	SNX11	target	1
SOCS2	SOCS2	target	1
STAT2	STAT2	target	1
STAT4	STAT4	target	1
STK4	STK4	target	1
TCF7	TCF7	target	1
TIGIT	TIGIT	target	1
TNFAIP3	TNFAIP3	target	1
TNFAIP6	TNFAIP6	target	1
TNFRSF12A	TNFRSF12A	target	1
TNFRSF4	TNFRSF4	target	1
TNFRSF8	TNFRSF8	target	1
TREM1	TREM1	target	1
VAMP8	VAMP8	target	1
WFDC2	WFDC2	target	1
ZFP36	ZFP36	target	1
ZNF683	ZNF683	target	1
ZNF804A	ZNF804A	target	1
ABCF1	ABCF1	target	1
C3AR1	C3AR1	target	1
CCR4	CCR4	target	1
CD1B	CD1B	target	1
CD226	CD226	target	1
CD33	CD33	target	1
CKLF	CKLF	target	1
CLEC12A	CLEC12A	target	1
CRTAM	CRTAM	target	1
CSF2RB	CSF2RB	target	1
CTSW	CTSW	target	1
CXCL17	CXCL17	target	1
DEFB103A	DEFB103A	target	1
DEFB4A	DEFB4A	target	1
GPR19	GPR19	target	1
GPR31	GPR31	target	1
GPR35	GPR35	target	1
GPSM3	GPSM3	target	1
HEATR9	HEATR9	target	1
IFIT1	IFIT1	target	1
IFIT2	IFIT2	target	1
IFITM1	IFITM1	target	1
IL10RB	IL10RB	target	1
IL12RB1	IL12RB1	target	1
IL31RA	IL31RA	target	1
IRAK2	IRAK2	target	1
IRF5	IRF5	target	1
IRF8	IRF8	target	1
ITGAL	ITGAL	target	1
OAS2	OAS2	target	1
OXNAD1	OXNAD1	target	1
RIPK2	RIPK2	target	1
SIGLEC1	SIGLEC1	target	1
SLAMF1	SLAMF1	target	1
SLC5A5	SLC5A5	target	1
TIMD4	TIMD4	target	1
TRAF1	TRAF1	target	1
TREML2	TREML2	target	1
ADAMDEC1	ADAMDEC1	target	1
AIM2	AIM2	target	1
BST2	BST2	target	1
BTLA	BTLA	target	1
C1QB	C1QB	target	1
C4BPA	C4BPA	target	1
CD2	CD2	target	1
CD300A	CD300A	target	1
CD300LF	CD300LF	target	1
CD48	CD48	target	1
CD6	CD6	target	1
CH25H	CH25H	target	1
CHRDL2	CHRDL2	target	1
CLC	CLC	target	1
CLEC4E	CLEC4E	target	1
CLEC6A	CLEC6A	target	1
COL6A5	COL6A5	target	1
CSF2RA	CSF2RA	target	1
CYSLTR2	CYSLTR2	target	1
FCAR	FCAR	target	1
FCER1G	FCER1G	target	1
FCER2	FCER2	target	1
FPR2	FPR2	target	1
FUT4	FUT4	target	1
HLA-A	HLA-A	target	1
HLA-B	HLA-B	target	1
HLA-DMA	HLA-DMA	target	1
HLA-DPA1	HLA-DPA1	target	1
HLA-DQA1	HLA-DQA1	target	1
HLA-DQA2	HLA-DQA2	target	1
HLA-DQB1	HLA-DQB1	target	1
HLA-DRA	HLA-DRA	target	1
HLA-DRB5	HLA-DRB5	target	1
HRH2	HRH2	target	1
ICAM3	ICAM3	target	1
IFI44	IFI44	target	1
IFNAR2	IFNAR2	target	1
IL18RAP	IL18RAP	target	1
IL21R	IL21R	target	1
IL22RA2	IL22RA2	target	1
IL27RA	IL27RA	target	1
IL4I1	IL4I1	target	1
IRF9	IRF9	target	1
ITGA4	ITGA4	target	1
JCHAIN	JCHAIN	target	1
LILRA2	LILRA2	target	1
LILRB1	LILRB1	target	1
LILRB2	LILRB2	target	1
LYN	LYN	target	1
MX2	MX2	target	1
NFKBIB	NFKBIB	target	1
P2RY12	P2RY12	target	1
PCP4L1	PCP4L1	target	1
PHF11	PHF11	target	1
PSMA6	PSMA6	target	1
PTAFR	PTAFR	target	1
RGS16	RGS16	target	1
RNASE2	RNASE2	target	1
S100A9	S100A9	target	1
SELPLG	SELPLG	target	1
SIRPA	SIRPA	target	1
SYK	SYK	target	1
TLR10	TLR10	target	1
TLR6	TLR6	target	1
TMEM268	TMEM268	target	1
TNFRSF10B	TNFRSF10B	target	1
TNFRSF13B	TNFRSF13B	target	1
TNFRSF14	TNFRSF14	target	1
TNIP1	TNIP1	target	1
ADORA3	ADORA3	target	1
C1QC	C1QC	target	1
CD14	CD14	target	1
CD244	CD244	target	1
CD247	CD247	target	1
CD3G	CD3G	target	1
CD52	CD52	target	1
CD84	CD84	target	1
CLEC4A	CLEC4A	target	1
COL4A1	COL4A1	target	1
CST7	CST7	target	1
DNASE1L3	DNASE1L3	target	1
FERMT3	FERMT3	target	1
FGR	FGR	target	1
FPR3	FPR3	target	1
GBP1	GBP1	target	1
GBP2	GBP2	target	1
GBP4	GBP4	target	1
GBP5	GBP5	target	1
GZMH	GZMH	target	1
HCK	HCK	target	1
HK3	HK3	target	1
HLA-DMB	HLA-DMB	target	1
HLA-DOA	HLA-DOA	target	1
HLA-DOB	HLA-DOB	target	1
HLA-DPB1	HLA-DPB1	target	1
HLA-E	HLA-E	target	1
IGSF6	IGSF6	target	1
ISG20	ISG20	target	1
JAML	JAML	target	1
KYNU	KYNU	target	1
LAMP3	LAMP3	target	1
LILRB5	LILRB5	target	1
LYZ	LYZ	target	1
MMP25	MMP25	target	1
MPEG1	MPEG1	target	1
MRGPRX3	MRGPRX3	target	1
MRGPRX4	MRGPRX4	target	1
MS4A6A	MS4A6A	target	1
OAS1	OAS1	target	1
OASL	OASL	target	1
P2RY13	P2RY13	target	1
P2RY14	P2RY14	target	1
PIK3AP1	PIK3AP1	target	1
PLA2G2D	PLA2G2D	target	1
PRR35	PRR35	target	1
RAB8A	RAB8A	target	1
RARRES1	RARRES1	target	1
RTP4	RTP4	target	1
SIGLEC9	SIGLEC9	target	1
SLAMF7	SLAMF7	target	1
SLAMF8	SLAMF8	target	1
SLC2A6	SLC2A6	target	1
SLCO2B1	SLCO2B1	target	1
SRGN	SRGN	target	1
TAPBP	TAPBP	target	1
TESPA1	TESPA1	target	1
TIFAB	TIFAB	target	1
TYROBP	TYROBP	target	1
CLEC4G	CLEC4G	target	1
CMTM3	CMTM3	target	1
CUL1	CUL1	target	1
FYB1	FYB1	target	1
GIMAP1-GIMAP5	GIMAP1-GIMAP5	target	1
IRF2	IRF2	target	1
KIR2DL1	KIR2DL1	target	1
LASP1	LASP1	target	1
SLC12A3	SLC12A3	target	1
TAGAP	TAGAP	target	1
TNIP3	TNIP3	target	1
CARD16	CARD16	target	1
GNA15	GNA15	target	1
GRK3	GRK3	target	1
KLRC4	KLRC4	target	1
SLC6A12	SLC6A12	target	1
BACH1	BACH1	target	1
BATF3	BATF3	target	1
BTK	BTK	target	1
C1R	C1R	target	1
CARD9	CARD9	target	1
CD7	CD7	target	1
CD79A	CD79A	target	1
CIITA	CIITA	target	1
CLEC5A	CLEC5A	target	1
CLEC9A	CLEC9A	target	1
CMTM7	CMTM7	target	1
CYLD	CYLD	target	1
DEFB4B	DEFB4B	target	1
DHX58	DHX58	target	1
FOLR3	FOLR3	target	1
GGT5	GGT5	target	1
GPR15	GPR15	target	1
HLA-G	HLA-G	target	1
ICAM2	ICAM2	target	1
IFI35	IFI35	target	1
IFIT1B	IFIT1B	target	1
IFIT3	IFIT3	target	1
IFIT5	IFIT5	target	1
IGHV1-3	IGHV1-3	target	1
LILRA4	LILRA4	target	1
LILRB4	LILRB4	target	1
LY75	LY75	target	1
LY75-CD302	LY75-CD302	target	1
MOB3C	MOB3C	target	1
P2RY8	P2RY8	target	1
PIK3CD	PIK3CD	target	1
PRKCD	PRKCD	target	1
PROK2	PROK2	target	1
PSME1	PSME1	target	1
RSAD2	RSAD2	target	1
SERPINB4	SERPINB4	target	1
SIGLEC10	SIGLEC10	target	1
SLCO5A1	SLCO5A1	target	1
TRDV1	TRDV1	target	1
TYMP	TYMP	target	1
UBD	UBD	target	1
ZAP70	ZAP70	target	1
AKR1B10	AKR1B10	target	1
C2	C2	target	1
CD53	CD53	target	1
CD72	CD72	target	1
CHI3L2	CHI3L2	target	1
CLIC2	CLIC2	target	1
FUT7	FUT7	target	1
HLA-C	HLA-C	target	1
HLA-F	HLA-F	target	1
IFI30	IFI30	target	1
ITK	ITK	target	1
LAIR1	LAIR1	target	1
LCP2	LCP2	target	1
LGMN	LGMN	target	1
LILRA1	LILRA1	target	1
LILRB3	LILRB3	target	1
MPZL2	MPZL2	target	1
MS4A7	MS4A7	target	1
MUC16	MUC16	target	1
MZB1	MZB1	target	1
NPL	NPL	target	1
PITPNM1	PITPNM1	target	1
PSME2	PSME2	target	1
RNASE6	RNASE6	target	1
SAMSN1	SAMSN1	target	1
SIGLEC11	SIGLEC11	target	1
SIGLEC7	SIGLEC7	target	1
STING1	STING1	target	1
TMEM176B	TMEM176B	target	1
TMIGD3	TMIGD3	target	1
TNFRSF6B	TNFRSF6B	target	1
UBA6	UBA6	target	1
UBA7	UBA7	target	1
WDFY4	WDFY4	target	1
ABI3BP	ABI3BP	target	1
ARHGAP15	ARHGAP15	target	1
BANK1	BANK1	target	1
C1orf54	C1orf54	target	1
CALHM6	CALHM6	target	1
CARD11	CARD11	target	1
CD180	CD180	target	1
CD37	CD37	target	1
CD79B	CD79B	target	1
CD8B	CD8B	target	1
CD96	CD96	target	1
CEACAM1	CEACAM1	target	1
CFL1	CFL1	target	1
CLEC1B	CLEC1B	target	1
CMPK2	CMPK2	target	1
COL15A1	COL15A1	target	1
CORO1A	CORO1A	target	1
CR1	CR1	target	1
CYTH4	CYTH4	target	1
CYTIP	CYTIP	target	1
DDX60	DDX60	target	1
DOCK2	DOCK2	target	1
DOCK8	DOCK8	target	1
EPSTI1	EPSTI1	target	1
FCRL1	FCRL1	target	1
FCRL3	FCRL3	target	1
FDCSP	FDCSP	target	1
GBP6	GBP6	target	1
GIMAP4	GIMAP4	target	1
GNG10	GNG10	target	1
GNG5	GNG5	target	1
GNGT2	GNGT2	target	1
GPR171	GPR171	target	1
GPR68	GPR68	target	1
GRK6	GRK6	target	1
HCST	HCST	target	1
IFI27L2	IFI27L2	target	1
IFI44L	IFI44L	target	1
IKBKE	IKBKE	target	1
IKZF1	IKZF1	target	1
IKZF3	IKZF3	target	1
INPP5D	INPP5D	target	1
ITGB7	ITGB7	target	1
LCP1	LCP1	target	1
MAP3K14	MAP3K14	target	1
MATK	MATK	target	1
MICB	MICB	target	1
MYBPC3	MYBPC3	target	1
MYL12A	MYL12A	target	1
MYO1F	MYO1F	target	1
NAAA	NAAA	target	1
NLRC3	NLRC3	target	1
NLRC5	NLRC5	target	1
OAS3	OAS3	target	1
PAX5	PAX5	target	1
PIM2	PIM2	target	1
PLAC8	PLAC8	target	1
PRAME	PRAME	target	1
PSMB10	PSMB10	target	1
PSMB8	PSMB8	target	1
PSMB9	PSMB9	target	1
PTPN22	PTPN22	target	1
PTPN6	PTPN6	target	1
PTPRCAP	PTPRCAP	target	1
RASGRP1	RASGRP1	target	1
RASSF5	RASSF5	target	1
RGS10	RGS10	target	1
RGS18	RGS18	target	1
RHOH	RHOH	target	1
S1PR3	S1PR3	target	1
S1PR4	S1PR4	target	1
SAA2-SAA4	SAA2-SAA4	target	1
SAMHD1	SAMHD1	target	1
SH2D1A	SH2D1A	target	1
SIRPG	SIRPG	target	1
SKAP1	SKAP1	target	1
SLAMF6	SLAMF6	target	1
SLC39A8	SLC39A8	target	1
SPIB	SPIB	target	1
SPN	SPN	target	1
ST8SIA4	ST8SIA4	target	1
SUSD1	SUSD1	target	1
TAPBPL	TAPBPL	target	1
TCIM	TCIM	target	1
TCL1A	TCL1A	target	1
TPM3	TPM3	target	1
TRAF3	TRAF3	target	1
TRAF3IP3	TRAF3IP3	target	1
TRAT1	TRAT1	target	1
TRIM21	TRIM21	target	1
TXK	TXK	target	1
VAV1	VAV1	target	1
WAS	WAS	target	1
ADAR	ADAR	target	1
ADGRE2	ADGRE2	target	1
ADGRE5	ADGRE5	target	1
AKT3	AKT3	target	1
ANK1	ANK1	target	1
APOBEC3A	APOBEC3A	target	1
APOBEC3G	APOBEC3G	target	1
ATG3	ATG3	target	1
B4GALT5	B4GALT5	target	1
BAK1	BAK1	target	1
BATF2	BATF2	target	1
BCL10	BCL10	target	1
BID	BID	target	1
BRCA2	BRCA2	target	1
BRD2	BRD2	target	1
C15orf48	C15orf48	target	1
C5orf15	C5orf15	target	1
C9orf72	C9orf72	target	1
CASP10	CASP10	target	1
CASP4	CASP4	target	1
CASP5	CASP5	target	1
CASP7	CASP7	target	1
CD300C	CD300C	target	1
CEBPE	CEBPE	target	1
CFLAR	CFLAR	target	1
CGAS	CGAS	target	1
CLEC4D	CLEC4D	target	1
CLIC1	CLIC1	target	1
CNP	CNP	target	1
CTSH	CTSH	target	1
DRAM1	DRAM1	target	1
ELMO1	ELMO1	target	1
ERI1	ERI1	target	1
FBN2	FBN2	target	1
FKBP1A	FKBP1A	target	1
FLOT1	FLOT1	target	1
FTH1	FTH1	target	1
FXYD5	FXYD5	target	1
GALNT10	GALNT10	target	1
GBP3	GBP3	target	1
GBP7	GBP7	target	1
GCH1	GCH1	target	1
GCLM	GCLM	target	1
GJA5	GJA5	target	1
GLUL	GLUL	target	1
GPI	GPI	target	1
GPR132	GPR132	target	1
GPR4	GPR4	target	1
GSDMD	GSDMD	target	1
GTPBP4	GTPBP4	target	1
GYPC	GYPC	target	1
GZMM	GZMM	target	1
H2AC18	H2AC18	target	1
H2AC20	H2AC20	target	1
HAS3	HAS3	target	1
HEG1	HEG1	target	1
HEPHL1	HEPHL1	target	1
HERC5	HERC5	target	1
HERC6	HERC6	target	1
HPS5	HPS5	target	1
HSH2D	HSH2D	target	1
HSPA6	HSPA6	target	1
HSPA8	HSPA8	target	1
IFI16	IFI16	target	1
IFITM2	IFITM2	target	1
IFITM3	IFITM3	target	1
KCNA3	KCNA3	target	1
KCNJ10	KCNJ10	target	1
KIR2DL3	KIR2DL3	target	1
KIR2DL4	KIR2DL4	target	1
KIR3DL1	KIR3DL1	target	1
KIR3DL2	KIR3DL2	target	1
KLRF1	KLRF1	target	1
KMO	KMO	target	1
LAP3	LAP3	target	1
LILRA5	LILRA5	target	1
LIMK1	LIMK1	target	1
LRRK2	LRRK2	target	1
LST1	LST1	target	1
LY6E	LY6E	target	1
MANF	MANF	target	1
MAPKAPK2	MAPKAPK2	target	1
MARCKS	MARCKS	target	1
MCOLN2	MCOLN2	target	1
MEP1A	MEP1A	target	1
MEP1B	MEP1B	target	1
MLKL	MLKL	target	1
MNDA	MNDA	target	1
MSN	MSN	target	1
MT1G	MT1G	target	1
MT2A	MT2A	target	1
NCF4	NCF4	target	1
NECTIN2	NECTIN2	target	1
NEFH	NEFH	target	1
NFE2L3	NFE2L3	target	1
NFKBID	NFKBID	target	1
NFKBIE	NFKBIE	target	1
NINJ1	NINJ1	target	1
NLRC4	NLRC4	target	1
NLRP6	NLRP6	target	1
NLRP7	NLRP7	target	1
NNMT	NNMT	target	1
NRCAM	NRCAM	target	1
NRP2	NRP2	target	1
ODC1	ODC1	target	1
OPTN	OPTN	target	1
OSCAR	OSCAR	target	1
P2RX2	P2RX2	target	1
P2RX4	P2RX4	target	1
P2RY6	P2RY6	target	1
PANX1	PANX1	target	1
PARK7	PARK7	target	1
PARP14	PARP14	target	1
PARP9	PARP9	target	1
PDE4B	PDE4B	target	1
PEA15	PEA15	target	1
PFN1	PFN1	target	1
PIWIL4	PIWIL4	target	1
PLSCR1	PLSCR1	target	1
PSMA7	PSMA7	target	1
PTPN2	PTPN2	target	1
RAB32	RAB32	target	1
RAP2B	RAP2B	target	1
RGL1	RGL1	target	1
RHOG	RHOG	target	1
RIPK3	RIPK3	target	1
RND3	RND3	target	1
S100A10	S100A10	target	1
SCARF1	SCARF1	target	1
SEMA4D	SEMA4D	target	1
SERPINB9	SERPINB9	target	1
SERPINH1	SERPINH1	target	1
SFTPA1	SFTPA1	target	1
SH2D3C	SH2D3C	target	1
SIGLEC14	SIGLEC14	target	1
SIGLEC5	SIGLEC5	target	1
SIRPB1	SIRPB1	target	1
SLC15A3	SLC15A3	target	1
SLC16A1	SLC16A1	target	1
SLC16A3	SLC16A3	target	1
SLC1A3	SLC1A3	target	1
SLC44A4	SLC44A4	target	1
STEAP4	STEAP4	target	1
STX1A	STX1A	target	1
SUCNR1	SUCNR1	target	1
SYN1	SYN1	target	1
SYNPO	SYNPO	target	1
TAGLN2	TAGLN2	target	1
TANK	TANK	target	1
TAP1	TAP1	target	1
TCIRG1	TCIRG1	target	1
TCN2	TCN2	target	1
TDO2	TDO2	target	1
TICAM1	TICAM1	target	1
TICAM2	TICAM2	target	1
TMC6	TMC6	target	1
TMED7-TICAM2	TMED7-TICAM2	target	1
TMPRSS4	TMPRSS4	target	1
TMSB4X	TMSB4X	target	1
TNC	TNC	target	1
TNFAIP2	TNFAIP2	target	1
TNFAIP8	TNFAIP8	target	1
TNFRSF10A	TNFRSF10A	target	1
TNFRSF10C	TNFRSF10C	target	1
TRADD	TRADD	target	1
TRAF2	TRAF2	target	1
TRIM22	TRIM22	target	1
TRIM25	TRIM25	target	1
TRIM5	TRIM5	target	1
TUBB	TUBB	target	1
TUBB6	TUBB6	target	1
UBE2L6	UBE2L6	target	1
UGT1A7	UGT1A7	target	1
ULBP2	ULBP2	target	1
UNC93B1	UNC93B1	target	1
USF1	USF1	target	1
USP18	USP18	target	1
VASH1	VASH1	target	1
VASP	VASP	target	1
VSIR	VSIR	target	1
VSNL1	VSNL1	target	1
WARS1	WARS1	target	1
XAF1	XAF1	target	1
ZBP1	ZBP1	target	1
ZC3H12A	ZC3H12A	target	1
ADAMTS14	ADAMTS14	target	1
ARID5A	ARID5A	target	1
ARL14	ARL14	target	1
ARL5B	ARL5B	target	1
ASS1	ASS1	target	1
ELP5	ELP5	target	1
FAM83A	FAM83A	target	1
GPR65	GPR65	target	1
LY9	LY9	target	1
MGAM2	MGAM2	target	1
MUC13	MUC13	target	1
NDUFA9	NDUFA9	target	1
NMI	NMI	target	1
PIM3	PIM3	target	1
RND1	RND1	target	1
RXFP1	RXFP1	target	1
S100A7A	S100A7A	target	1
SPRR2A	SPRR2A	target	1
SPRR2B	SPRR2B	target	1
SPRR2D	SPRR2D	target	1
TUBA1B	TUBA1B	target	1
TUBA1C	TUBA1C	target	1
CHST2	CHST2	target	1
CLEC1A	CLEC1A	target	1
GCNT1	GCNT1	target	1
GPR174	GPR174	target	1
ITPRIPL1	ITPRIPL1	target	1
LMO2	LMO2	target	1
MCHR1	MCHR1	target	1
PLD4	PLD4	target	1
RBP5	RBP5	target	1
SIGLEC12	SIGLEC12	target	1
SLC25A47	SLC25A47	target	1
SSB	SSB	target	1
SSTR5	SSTR5	target	1
TNIP2	TNIP2	target	1
TRIM26	TRIM26	target	1
FAM20A	FAM20A	target	1
GLS	GLS	target	1
MAP4K1	MAP4K1	target	1
CD300LB	CD300LB	target	1
PLCB2	PLCB2	target	1
PNOC	PNOC	target	1
PRSS33	PRSS33	target	1
PRSS53	PRSS53	target	1
RGS19	RGS19	target	1
SLC31A2	SLC31A2	target	1
TREML1	TREML1	target	1
IL20	IL20	target	1
SRI	SRI	target	1
FOXN2	FOXN2	target	1
PTPN7	PTPN7	target	1
SIRPB2	SIRPB2	target	1
SP100	SP100	target	1
PPP1R18	PPP1R18	target	1
S100Z	S100Z	target	1
TMEM244	TMEM244	target	1
TRIM14	TRIM14	target	1
ABI3	ABI3	target	1
C1GALT1	C1GALT1	target	1
CD300E	CD300E	target	1
CEACAM21	CEACAM21	target	1
CEACAM3	CEACAM3	target	1
COTL1	COTL1	target	1
ERAP1	ERAP1	target	1
GMFG	GMFG	target	1
HS3ST3B1	HS3ST3B1	target	1
LAIR2	LAIR2	target	1
LAPTM5	LAPTM5	target	1
NCKAP1L	NCKAP1L	target	1
PARVG	PARVG	target	1
PIK3R5	PIK3R5	target	1
PILRA	PILRA	target	1
PSTPIP1	PSTPIP1	target	1
PSTPIP2	PSTPIP2	target	1
RASAL3	RASAL3	target	1
RMC1	RMC1	target	1
SASH3	SASH3	target	1
SH2D1B	SH2D1B	target	1
SIRPD	SIRPD	target	1
SLA	SLA	target	1
STX11	STX11	target	1
TBXAS1	TBXAS1	target	1
TCL1B	TCL1B	target	1
TFEC	TFEC	target	1
THEMIS2	THEMIS2	target	1
TNFAIP8L2	TNFAIP8L2	target	1
UNC13D	UNC13D	target	1
ADAP2	ADAP2	target	1
AOAH	AOAH	target	1
APOBR	APOBR	target	1
ARHGAP25	ARHGAP25	target	1
ARHGAP30	ARHGAP30	target	1
ARHGAP9	ARHGAP9	target	1
BTN2A1	BTN2A1	target	1
BTN3A1	BTN3A1	target	1
C1orf162	C1orf162	target	1
DOK2	DOK2	target	1
FCRL6	FCRL6	target	1
GIMAP5	GIMAP5	target	1
GIMAP6	GIMAP6	target	1
GIMAP7	GIMAP7	target	1
GIMAP8	GIMAP8	target	1
HTRA3	HTRA3	target	1
HVCN1	HVCN1	target	1
LITAF	LITAF	target	1
LRRC25	LRRC25	target	1
MS4A14	MS4A14	target	1
P2RY10	P2RY10	target	1
PTPRE	PTPRE	target	1
SAMD9L	SAMD9L	target	1
SLC7A7	SLC7A7	target	1
TMEM176A	TMEM176A	target	1
TREML4	TREML4	target	1
TRIM17	TRIM17	target	1
VNN2	VNN2	target	1
ANKRD22	ANKRD22	target	1
MYO1G	MYO1G	target	1
ZNF101	ZNF101	target	1
ADCY7	ADCY7	target	1
BIN2	BIN2	target	1
BTN3A2	BTN3A2	target	1
BTN3A3	BTN3A3	target	1
DAXX	DAXX	target	1
DDX60L	DDX60L	target	1
ELF4	ELF4	target	1
EVI2B	EVI2B	target	1
GIMAP1	GIMAP1	target	1
GIMAP2	GIMAP2	target	1
GLIPR2	GLIPR2	target	1
ICAM4	ICAM4	target	1
LAT	LAT	target	1
MILR1	MILR1	target	1
PARP15	PARP15	target	1
PLAAT4	PLAAT4	target	1
PLEKHF1	PLEKHF1	target	1
PVRIG	PVRIG	target	1
PYHIN1	PYHIN1	target	1
SAMD3	SAMD3	target	1
SLA2	SLA2	target	1
SNX20	SNX20	target	1
SP110	SP110	target	1
SP140	SP140	target	1
SPOCK2	SPOCK2	target	1
TMSB10	TMSB10	target	1
TOP1	TOP1	target	1
TRIM56	TRIM56	target	1
UBASH3A	UBASH3A	target	1
ZBTB32	ZBTB32	target	1
ZC3HAV1	ZC3HAV1	target	1
BCL2L14	BCL2L14	target	1
ETV7	ETV7	target	1
FAM124A	FAM124A	target	1
SEC23B	SEC23B	target	1
SLAMF9	SLAMF9	target	1
ADA2	ADA2	target	1
AKNA	AKNA	target	1
ARHGDIB	ARHGDIB	target	1
ASCL2	ASCL2	target	1
BTN2A2	BTN2A2	target	1
DOCK11	DOCK11	target	1
DSG3	DSG3	target	1
FCMR	FCMR	target	1
FLOT2	FLOT2	target	1
FMNL2	FMNL2	target	1
GAB3	GAB3	target	1
GNA13	GNA13	target	1
GNAI2	GNAI2	target	1
GRAP2	GRAP2	target	1
IGHD	IGHD	target	1
LIG4	LIG4	target	1
NUCB1	NUCB1	target	1
PDIA3	PDIA3	target	1
POU2F2	POU2F2	target	1
PSMA1	PSMA1	target	1
PSMA2	PSMA2	target	1
PSMA3	PSMA3	target	1
PSMA4	PSMA4	target	1
PSMA5	PSMA5	target	1
PSMA8	PSMA8	target	1
PSMB2	PSMB2	target	1
PSMB3	PSMB3	target	1
PSMB4	PSMB4	target	1
PSMC1	PSMC1	target	1
PSMC4	PSMC4	target	1
PSMD13	PSMD13	target	1
PTPN18	PTPN18	target	1
RASGRP2	RASGRP2	target	1
RBCK1	RBCK1	target	1
SEPTIN4	SEPTIN4	target	1
SIT1	SIT1	target	1
THEMIS	THEMIS	target	1
TMEM171	TMEM171	target	1
TMIGD2	TMIGD2	target	1
ZNF831	ZNF831	target	1
APOL2	APOL2	target	1
C4orf50	C4orf50	target	1
CLCN1	CLCN1	target	1
PTPRO	PTPRO	target	1
SNRPB2	SNRPB2	target	1
SPOCD1	SPOCD1	target	1
CNGA3	CNGA3	target	1
CORO7	CORO7	target	1
ISL2	ISL2	target	1
NEUROG3	NEUROG3	target	1
PRSS56	PRSS56	target	1
SLC17A6	SLC17A6	target	1
TRHR	TRHR	target	1
VSX2	VSX2	target	1
ACRV1	ACRV1	target	1
ADGRE3	ADGRE3	target	1
ADGRG3	ADGRG3	target	1
BANF1	BANF1	target	1
BCAP29	BCAP29	target	1
BCAR1	BCAR1	target	1
CASP8AP2	CASP8AP2	target	1
CCT5	CCT5	target	1
DOCK4	DOCK4	target	1
FAM20C	FAM20C	target	1
GART	GART	target	1
HLX	HLX	target	1
NRROS	NRROS	target	1
PML	PML	target	1
PNP	PNP	target	1
PTPRJ	PTPRJ	target	1
SHISA5	SHISA5	target	1
SNX10	SNX10	target	1
STIP1	STIP1	target	1
TEX101	TEX101	target	1
ANXA10	ANXA10	target	1
ETV6	ETV6	target	1
KLF1	KLF1	target	1
MARCHF1	MARCHF1	target	1
RASGRP3	RASGRP3	target	1
SH2B3	SH2B3	target	1
SLC9A7	SLC9A7	target	1
STEAP1	STEAP1	target	1
C2CD4B	C2CD4B	target	1
CAMK1G	CAMK1G	target	1
CDKN2D	CDKN2D	target	1
DCK	DCK	target	1
DDX39A	DDX39A	target	1
DPYD	DPYD	target	1
EGR4	EGR4	target	1
FXYD2	FXYD2	target	1
LAMTOR2	LAMTOR2	target	1
NFKBIL1	NFKBIL1	target	1
PADI6	PADI6	target	1
POMP	POMP	target	1
RUVBL1	RUVBL1	target	1
SAMD9	SAMD9	target	1
SLC26A4	SLC26A4	target	1
STAMBPL1	STAMBPL1	target	1
STK17A	STK17A	target	1
STK17B	STK17B	target	1
TPMT	TPMT	target	1
TSPAN32	TSPAN32	target	1
UBE2D1	UBE2D1	target	1
UHMK1	UHMK1	target	1
ACTC1	ACTC1	target	1
CAMK2D	CAMK2D	target	1
CLSTN3	CLSTN3	target	1
GOLM1	GOLM1	target	1
KCNE5	KCNE5	target	1
KCNJ2	KCNJ2	target	1
MYH7	MYH7	target	1
PSENEN	PSENEN	target	1
TFPT	TFPT	target	1
ATP11C	ATP11C	target	1
C1GALT1C1	C1GALT1C1	target	1
GPA33	GPA33	target	1
KCNK13	KCNK13	target	1
MAD2L2	MAD2L2	target	1
PTCRA	PTCRA	target	1
TMEM156	TMEM156	target	1
XKR8	XKR8	target	1
AKIP1	AKIP1	target	1
APOBEC3F	APOBEC3F	target	1
CARD6	CARD6	target	1
HAND1	HAND1	target	1
MT1M	MT1M	target	1
PDZK1IP1	PDZK1IP1	target	1
SBNO2	SBNO2	target	1
SPRR1B	SPRR1B	target	1
TRIM15	TRIM15	target	1
APOBEC3B	APOBEC3B	target	1
APOL3	APOL3	target	1
APOL6	APOL6	target	1
ART3	ART3	target	1
DRD3	DRD3	target	1
DTX3L	DTX3L	target	1
FBXO6	FBXO6	target	1
FCHSD2	FCHSD2	target	1
HAPLN3	HAPLN3	target	1
HBD	HBD	target	1
NEURL3	NEURL3	target	1
PARP10	PARP10	target	1
PARP11	PARP11	target	1
PARP12	PARP12	target	1
PLA1A	PLA1A	target	1
PPA1	PPA1	target	1
RBM15	RBM15	target	1
REG1A	REG1A	target	1
RNF19B	RNF19B	target	1
RNF213	RNF213	target	1
SCO2	SCO2	target	1
SLFN11	SLFN11	target	1
SLFN13	SLFN13	target	1
TAP2	TAP2	target	1
TDRD7	TDRD7	target	1
TIFA	TIFA	target	1
TRAFD1	TRAFD1	target	1
TRIM38	TRIM38	target	1
UBE2S	UBE2S	target	1
VAMP5	VAMP5	target	1
ZNFX1	ZNFX1	target	1
APOL4	APOL4	target	1
CBR3	CBR3	target	1
KLHDC7B	KLHDC7B	target	1
ACTN1	ACTN1	target	1
ANXA2R	ANXA2R	target	1
APBB1IP	APBB1IP	target	1
ARHGDIA	ARHGDIA	target	1
ARHGEF1	ARHGEF1	target	1
CDC25B	CDC25B	target	1
CNN2	CNN2	target	1
CPXM2	CPXM2	target	1
EGLN2	EGLN2	target	1
EIF2S2	EIF2S2	target	1
EMILIN1	EMILIN1	target	1
FAR1	FAR1	target	1
FOXF1	FOXF1	target	1
FZD2	FZD2	target	1
FZD5	FZD5	target	1
HAPLN1	HAPLN1	target	1
KIRREL2	KIRREL2	target	1
LRP8	LRP8	target	1
MT1F	MT1F	target	1
NME1	NME1	target	1
PDIA6	PDIA6	target	1
PIM1	PIM1	target	1
PREX1	PREX1	target	1
RAP1B	RAP1B	target	1
RGS8	RGS8	target	1
SSTR2	SSTR2	target	1
SULF2	SULF2	target	1
TKTL2	TKTL2	target	1
ASCC3	ASCC3	target	1
DOCK10	DOCK10	target	1
IGFLR1	IGFLR1	target	1
KLHL6	KLHL6	target	1
MYADM	MYADM	target	1
RIPOR2	RIPOR2	target	1
SLC4A10	SLC4A10	target	1
NPC2	NPC2	target	1
PRSS22	PRSS22	target	1
SLC43A2	SLC43A2	target	1
SRA1	SRA1	target	1
TSPAN17	TSPAN17	target	1
ZMYND15	ZMYND15	target	1
PDE6G	PDE6G	target	1
TRPM2	TRPM2	target	1
WDR1	WDR1	target	1
CFHR3	CFHR3	target	1
MCEMP1	MCEMP1	target	1
SLFN12	SLFN12	target	1
SLFN12L	SLFN12L	target	1
PARP4	PARP4	target	1
PROB1	PROB1	target	1
SERTAD1	SERTAD1	target	1
TRIM69	TRIM69	target	1
CDC26	CDC26	target	1
CEACAM4	CEACAM4	target	1
E2F3	E2F3	target	1
GLIPR1	GLIPR1	target	1
HSPE1	HSPE1	target	1
MVP	MVP	target	1
SSTR3	SSTR3	target	1
ERAP2	ERAP2	target	1
TMED5	TMED5	target	1
JPT1	JPT1	target	1
LYL1	LYL1	target	1
PLEKHO2	PLEKHO2	target	1
ALAS1	ALAS1	target	1
CPVL	CPVL	target	1
DPP3	DPP3	target	1
HABP2	HABP2	target	1
PFKFB4	PFKFB4	target	1
SLC22A16	SLC22A16	target	1
SLC25A28	SLC25A28	target	1
SLC39A14	SLC39A14	target	1
SLC4A1	SLC4A1	target	1
SPTA1	SPTA1	target	1
STOM	STOM	target	1
STOML1	STOML1	target	1
XPNPEP1	XPNPEP1	target	1
YWHAH	YWHAH	target	1
ADGRG5	ADGRG5	target	1
ARHGAP4	ARHGAP4	target	1
BYSL	BYSL	target	1
CAPZA1	CAPZA1	target	1
CIB1	CIB1	target	1
DTHD1	DTHD1	target	1
EIF5A	EIF5A	target	1
EIF5AL1	EIF5AL1	target	1
FKBP1C	FKBP1C	target	1
FNBP1	FNBP1	target	1
GRAP	GRAP	target	1
JAKMIP1	JAKMIP1	target	1
LIM2	LIM2	target	1
MEI1	MEI1	target	1
PACSIN1	PACSIN1	target	1
PDE4D	PDE4D	target	1
PRR13	PRR13	target	1
PRR5L	PRR5L	target	1
RAET1L	RAET1L	target	1
RELT	RELT	target	1
RIMBP3C	RIMBP3C	target	1
RPL36AL	RPL36AL	target	1
RPS10-NUDT3	RPS10-NUDT3	target	1
SH2D2A	SH2D2A	target	1
SKAP2	SKAP2	target	1
SMKR1	SMKR1	target	1
SPPL2A	SPPL2A	target	1
STXBP2	STXBP2	target	1
SYTL3	SYTL3	target	1
TMC8	TMC8	target	1
ADAMTS8	ADAMTS8	target	1
EIF4A1	EIF4A1	target	1
FOXH1	FOXH1	target	1
GFPT2	GFPT2	target	1
GPC5	GPC5	target	1
GPR39	GPR39	target	1
H2BC12	H2BC12	target	1
HOXB9	HOXB9	target	1
INSL3	INSL3	target	1
INSRR	INSRR	target	1
LRRFIP1	LRRFIP1	target	1
PAK1	PAK1	target	1
RASGRF1	RASGRF1	target	1
RAX	RAX	target	1
RUBCNL	RUBCNL	target	1
SLC32A1	SLC32A1	target	1
SNAI3	SNAI3	target	1
UTF1	UTF1	target	1
ADGRD1	ADGRD1	target	1
ADSL	ADSL	target	1
APOBEC3C	APOBEC3C	target	1
APOBEC3D	APOBEC3D	target	1
ARFGAP3	ARFGAP3	target	1
ARHGEF2	ARHGEF2	target	1
ARL11	ARL11	target	1
ARL4C	ARL4C	target	1
BOLA2B	BOLA2B	target	1
BOLA3	BOLA3	target	1
CARHSP1	CARHSP1	target	1
CBLN3	CBLN3	target	1
CDC42SE2	CDC42SE2	target	1
CDYL2	CDYL2	target	1
COL22A1	COL22A1	target	1
COL4A4	COL4A4	target	1
CSTF2T	CSTF2T	target	1
CTPS1	CTPS1	target	1
CXorf49	CXorf49	target	1
CXorf49B	CXorf49B	target	1
CYP21A2	CYP21A2	target	1
CYP2S1	CYP2S1	target	1
DDX21	DDX21	target	1
DHX16	DHX16	target	1
DNAJA1	DNAJA1	target	1
DNAJB11	DNAJB11	target	1
DNAJB13	DNAJB13	target	1
DNAJC25-GNG10	DNAJC25-GNG10	target	1
DNAJC5B	DNAJC5B	target	1
EIF4A3	EIF4A3	target	1
ERMN	ERMN	target	1
FKBP11	FKBP11	target	1
HSPA13	HSPA13	target	1
HSPH1	HSPH1	target	1
HYOU1	HYOU1	target	1
KARS1	KARS1	target	1
KCNAB2	KCNAB2	target	1
LENG1	LENG1	target	1
MARS1	MARS1	target	1
MRPL44	MRPL44	target	1
MSRB1	MSRB1	target	1
MTHFD2	MTHFD2	target	1
MYBL1	MYBL1	target	1
MYBPC2	MYBPC2	target	1
NDUFV2	NDUFV2	target	1
NME8	NME8	target	1
NOP2	NOP2	target	1
PARP8	PARP8	target	1
PDSS1	PDSS1	target	1
PFKP	PFKP	target	1
PGAM1	PGAM1	target	1
PIP4K2A	PIP4K2A	target	1
PLA2G3	PLA2G3	target	1
PLAAT2	PLAAT2	target	1
PLGRKT	PLGRKT	target	1
PNPT1	PNPT1	target	1
PPIAL4C	PPIAL4C	target	1
PPIAL4F	PPIAL4F	target	1
PPIL1	PPIL1	target	1
RAB39A	RAB39A	target	1
RAB43	RAB43	target	1
RAB4B	RAB4B	target	1
RAB5IF	RAB5IF	target	1
RALB	RALB	target	1
RAN	RAN	target	1
RBM11	RBM11	target	1
RHEBL1	RHEBL1	target	1
RHOF	RHOF	target	1
RHOU	RHOU	target	1
RNF166	RNF166	target	1
RPN1	RPN1	target	1
RRAGC	RRAGC	target	1
SEC61B	SEC61B	target	1
SEC61G	SEC61G	target	1
SEPTIN1	SEPTIN1	target	1
SHFL	SHFL	target	1
SLC20A1	SLC20A1	target	1
SMIM12	SMIM12	target	1
SNRPG	SNRPG	target	1
SP140L	SP140L	target	1
SQOR	SQOR	target	1
SRM	SRM	target	1
TARS1	TARS1	target	1
TDRD9	TDRD9	target	1
TGIF2-RAB5IF	TGIF2-RAB5IF	target	1
TIGAR	TIGAR	target	1
TPI1	TPI1	target	1
TRIM46	TRIM46	target	1
TSFM	TSFM	target	1
UBE2L3	UBE2L3	target	1
XRN1	XRN1	target	1
ZNF593	ZNF593	target	1
AGTRAP	AGTRAP	target	1
AKIRIN2	AKIRIN2	target	1
AKR1A1	AKR1A1	target	1
ALDH1B1	ALDH1B1	target	1
ALYREF	ALYREF	target	1
ARPC1B	ARPC1B	target	1
ATP6V1B2	ATP6V1B2	target	1
CAPNS1	CAPNS1	target	1
CASS4	CASS4	target	1
CELA1	CELA1	target	1
CNDP2	CNDP2	target	1
CNPY3	CNPY3	target	1
EMILIN2	EMILIN2	target	1
ERICH3	ERICH3	target	1
FAM78A	FAM78A	target	1
GRINA	GRINA	target	1
IGFL1	IGFL1	target	1
M6PR	M6PR	target	1
MAN2B1	MAN2B1	target	1
MIIP	MIIP	target	1
MS4A6E	MS4A6E	target	1
NAGA	NAGA	target	1
NEU1	NEU1	target	1
PDIA4	PDIA4	target	1
PGD	PGD	target	1
RAB29	RAB29	target	1
RENBP	RENBP	target	1
RNASET2	RNASET2	target	1
RSC1A1	RSC1A1	target	1
SETX	SETX	target	1
SH3BGRL3	SH3BGRL3	target	1
SLC12A7	SLC12A7	target	1
SLC13A1	SLC13A1	target	1
SNX17	SNX17	target	1
TMEM106A	TMEM106A	target	1
TMX1	TMX1	target	1
TXNDC2	TXNDC2	target	1
TXNDC8	TXNDC8	target	1
UNC13A	UNC13A	target	1
ZYX	ZYX	target	1
ACTG1	ACTG1	target	1
ACTR2	ACTR2	target	1
ACTR3	ACTR3	target	1
ACTR3C	ACTR3C	target	1
ACTRT3	ACTRT3	target	1
BAZ1A	BAZ1A	target	1
CTNNBL1	CTNNBL1	target	1
DPYS	DPYS	target	1
GSDMC	GSDMC	target	1
H2AC19	H2AC19	target	1
HAT1	HAT1	target	1
HNRNPF	HNRNPF	target	1
KIF5C	KIF5C	target	1
KPNA2	KPNA2	target	1
LSM6	LSM6	target	1
LYAR	LYAR	target	1
NDUFC2-KCTD14	NDUFC2-KCTD14	target	1
POTEE	POTEE	target	1
PTP4A2	PTP4A2	target	1
RASSF3	RASSF3	target	1
SMARCA5	SMARCA5	target	1
SNRPD1	SNRPD1	target	1
SUB1	SUB1	target	1
VMP1	VMP1	target	1
APOBEC3H	APOBEC3H	target	1
CMTR1	CMTR1	target	1
DYNLT1	DYNLT1	target	1
GP5	GP5	target	1
GTPBP1	GTPBP1	target	1
MOV10	MOV10	target	1
TRIM27	TRIM27	target	1
TRIM31	TRIM31	target	1
ELAVL4	ELAVL4	target	1
OVCA2	OVCA2	target	1
ATP5F1E	ATP5F1E	target	1
C16orf54	C16orf54	target	1
EVI2A	EVI2A	target	1
TMEM140	TMEM140	target	1
ASGR2	ASGR2	target	1
TOR4A	TOR4A	target	1
EPOP	EPOP	target	1
GALM	GALM	target	1
GTF2H2	GTF2H2	target	1
NCOA7	NCOA7	target	1
NUB1	NUB1	target	1
NUP62	NUP62	target	1
RNF122	RNF122	target	1
TRIM34	TRIM34	target	1
TRIM40	TRIM40	target	1
PATL1	PATL1	target	1
PATL2	PATL2	target	1
AANAT	AANAT	target	1
ADPGK	ADPGK	target	1
CBLB	CBLB	target	1
CDC7	CDC7	target	1
CR1L	CR1L	target	1
DAPP1	DAPP1	target	1
EDEM1	EDEM1	target	1
ENTHD1	ENTHD1	target	1
FBP1	FBP1	target	1
LAT2	LAT2	target	1
LGALS13	LGALS13	target	1
LGALS2	LGALS2	target	1
MC5R	MC5R	target	1
MGAT1	MGAT1	target	1
NFAM1	NFAM1	target	1
PACC1	PACC1	target	1
PDE7A	PDE7A	target	1
PKN1	PKN1	target	1
RAB20	RAB20	target	1
RFX5	RFX5	target	1
SLC8A1	SLC8A1	target	1
ZC3H12D	ZC3H12D	target	1
ZNF366	ZNF366	target	1
CHMP5	CHMP5	target	1
LAMP5	LAMP5	target	1
RNF114	RNF114	target	1
AGMAT	AGMAT	target	1
CLDN14	CLDN14	target	1
LENG9	LENG9	target	1
MYDGF	MYDGF	target	1
SELENOS	SELENOS	target	1
PLSCR2	PLSCR2	target	1
ANTXR2	ANTXR2	target	1
DENND1B	DENND1B	target	1
OR56B1	OR56B1	target	1
WIPF1	WIPF1	target	1
ORMDL2	ORMDL2	target	1
CYTH1	CYTH1	target	1
EXOC3L4	EXOC3L4	target	1
FGD3	FGD3	target	1
FMNL1	FMNL1	target	1
GABPB1	GABPB1	target	1
GAPT	GAPT	target	1
HSF5	HSF5	target	1
MFNG	MFNG	target	1
PI15	PI15	target	1
PLCL2	PLCL2	target	1
PPP1R16B	PPP1R16B	target	1
PPP1R9B	PPP1R9B	target	1
SYNGR2	SYNGR2	target	1
SYNGR3	SYNGR3	target	1
TBC1D10C	TBC1D10C	target	1
TTC24	TTC24	target	1
LCE3D	LCE3D	target	1
NRAP	NRAP	target	1
PUM3	PUM3	target	1
DEFB103B	DEFB103B	target	1
RBM38	RBM38	target	1
STC2	STC2	target	1
C20orf141	C20orf141	target	1
ATF5	ATF5	target	1
C2CD4A	C2CD4A	target	1
CHRNA6	CHRNA6	target	1
DOK1	DOK1	target	1
DYSF	DYSF	target	1
FAM169A	FAM169A	target	1
GSTO1	GSTO1	target	1
MT1A	MT1A	target	1
PPP3CC	PPP3CC	target	1
RAB8B	RAB8B	target	1
SCIMP	SCIMP	target	1
SLC51A	SLC51A	target	1
SYT4	SYT4	target	1
TRANK1	TRANK1	target	1
UPP1	UPP1	target	1
KPNA7	KPNA7	target	1
OAZ3	OAZ3	target	1
LYPD2	LYPD2	target	1
METTL1	METTL1	target	1
RFK	RFK	target	1
TRIM10	TRIM10	target	1
CARMIL2	CARMIL2	target	1
DDO	DDO	target	1
ETHE1	ETHE1	target	1
FPGS	FPGS	target	1
FUOM	FUOM	target	1
GALE	GALE	target	1
IMPA1	IMPA1	target	1
LAX1	LAX1	target	1
ME2	ME2	target	1
MTHFD1L	MTHFD1L	target	1
ORAI2	ORAI2	target	1
PAK2	PAK2	target	1
PUDP	PUDP	target	1
RNF138	RNF138	target	1
SLC29A3	SLC29A3	target	1
SLC34A2	SLC34A2	target	1
SLC5A6	SLC5A6	target	1
UAP1	UAP1	target	1
DOC2B	DOC2B	target	1
PLEKHA4	PLEKHA4	target	1
RESF1	RESF1	target	1
LYPD8	LYPD8	target	1
SIPA1	SIPA1	target	1
CRELD2	CRELD2	target	1
RCN1	RCN1	target	1
GTSF1	GTSF1	target	1
KIF21B	KIF21B	target	1
CXorf38	CXorf38	target	1
NBN	NBN	target	1
RASGRP4	RASGRP4	target	1
SGTB	SGTB	target	1
TTC16	TTC16	target	1
DTNBP1	DTNBP1	target	1
REC8	REC8	target	1
EDEM2	EDEM2	target	1
GRPR	GRPR	target	1
ARPC3	ARPC3	target	1
CCDC73	CCDC73	target	1
SCLT1	SCLT1	target	1
GNA14	GNA14	target	1
MICAL1	MICAL1	target	1
VAC14	VAC14	target	1
ACAP1	ACAP1	target	1
LCE3A	LCE3A	target	1
SPRR2F	SPRR2F	target	1
SPRR2G	SPRR2G	target	1
NT5DC4	NT5DC4	target	1
KRT6C	KRT6C	target	1
SSBP4	SSBP4	target	1
C4orf54	C4orf54	target	1
PRELID1	PRELID1	target	1
RUFY4	RUFY4	target	1
SDF2L1	SDF2L1	target	1
SLC38A5	SLC38A5	target	1
ABRACL	ABRACL	target	1
AEN	AEN	target	1
ARHGEF3	ARHGEF3	target	1
B4GALT1	B4GALT1	target	1
CEMIP2	CEMIP2	target	1
CRISPLD2	CRISPLD2	target	1
DOK3	DOK3	target	1
FLI1	FLI1	target	1
LRAT	LRAT	target	1
MSC	MSC	target	1
PAOX	PAOX	target	1
SLC30A7	SLC30A7	target	1
ST3GAL1	ST3GAL1	target	1
EBF4	EBF4	target	1
PLEKHG2	PLEKHG2	target	1
SPINK6	SPINK6	target	1
BARX1	BARX1	target	1
CCM2	CCM2	target	1
CKAP4	CKAP4	target	1
ITIH1	ITIH1	target	1
LHX9	LHX9	target	1
LTK	LTK	target	1
MAPRE1	MAPRE1	target	1
MSANTD3	MSANTD3	target	1
GPR25	GPR25	target	1
SH2B2	SH2B2	target	1
SLC17A3	SLC17A3	target	1
TEX14	TEX14	target	1
ECEL1	ECEL1	target	1
NUP210	NUP210	target	1
TRIM71	TRIM71	target	1
ZFP57	ZFP57	target	1
ABHD16A	ABHD16A	target	1
EVL	EVL	target	1
ARHGAP45	ARHGAP45	target	1
DENND2D	DENND2D	target	1
EDARADD	EDARADD	target	1
FGD2	FGD2	target	1
GMIP	GMIP	target	1
LIMD2	LIMD2	target	1
LY6G5B	LY6G5B	target	1
SNX8	SNX8	target	1
STAP1	STAP1	target	1
COX17	COX17	target	1
LRCH2	LRCH2	target	1
LSM2	LSM2	target	1
RP2	RP2	target	1
SHKBP1	SHKBP1	target	1
ATP13A3	ATP13A3	target	1
NANS	NANS	target	1
NUBP1	NUBP1	target	1
PARP3	PARP3	target	1
RILPL2	RILPL2	target	1
SEC11C	SEC11C	target	1
ZNF267	ZNF267	target	1
MS4A3	MS4A3	target	1
TPM4	TPM4	target	1
MAP3K7CL	MAP3K7CL	target	1
EMP3	EMP3	target	1
MCTP1	MCTP1	target	1
MCUB	MCUB	target	1
NOP10	NOP10	target	1
SAMD4A	SAMD4A	target	1
TEX19	TEX19	target	1
TMEM71	TMEM71	target	1
ALPK2	ALPK2	target	1
ODAM	ODAM	target	1
PLXNC1	PLXNC1	target	1
TAFA1	TAFA1	target	1
C17orf67	C17orf67	target	1
CHST11	CHST11	target	1
EFHD2	EFHD2	target	1
EHBP1L1	EHBP1L1	target	1
FAM107B	FAM107B	target	1
MOB3A	MOB3A	target	1
MSANTD3-TMEFF1	MSANTD3-TMEFF1	target	1
PARVB	PARVB	target	1
RFLNA	RFLNA	target	1
TGIF2	TGIF2	target	1
CELF2	CELF2	target	1
SLC4A4	SLC4A4	target	1
TNIK	TNIK	target	1
ABCG4	ABCG4	target	1
SLC50A1	SLC50A1	target	1
MYOM3	MYOM3	target	1
RAB31	RAB31	target	1
ADGRG2	ADGRG2	target	1
GRAMD1B	GRAMD1B	target	1
GSAP	GSAP	target	1
HM13	HM13	target	1
LACTB	LACTB	target	1
LRRC59	LRRC59	target	1
MARCKSL1	MARCKSL1	target	1
MYL6	MYL6	target	1
PLEKHO1	PLEKHO1	target	1
ST3GAL5	ST3GAL5	target	1
BFAR	BFAR	target	1
STARD3NL	STARD3NL	target	1
NCEH1	NCEH1	target	1
RAB24	RAB24	target	1
DNAJC15	DNAJC15	target	1
SLC9B2	SLC9B2	target	1
SMCO2	SMCO2	target	1
UBE2Z	UBE2Z	target	1
CCDC71L	CCDC71L	target	1
MPDU1	MPDU1	target	1
GCA	GCA	target	1
HELB	HELB	target	1
KCNJ15	KCNJ15	target	1
NT5C3A	NT5C3A	target	1
OGFR	OGFR	target	1
RCSD1	RCSD1	target	1
TWF2	TWF2	target	1
CCDC88B	CCDC88B	target	1
KIAA0040	KIAA0040	target	1
GBGT1	GBGT1	target	1
ARRDC5	ARRDC5	target	1
C11orf21	C11orf21	target	1
RAB39B	RAB39B	target	1
RFTN1	RFTN1	target	1
UPK3A	UPK3A	target	1
SELENOM	SELENOM	target	1
SLC41A2	SLC41A2	target	1
HS3ST3A1	HS3ST3A1	target	1
LYPD1	LYPD1	target	1
NECAP2	NECAP2	target	1
SEMA6B	SEMA6B	target	1
SOX30	SOX30	target	1
TMEM132A	TMEM132A	target	1
TRABD2A	TRABD2A	target	1
TOE1	TOE1	target	1
PHTF1	PHTF1	target	1
